lon,lat,name,description
8.458921033065735,44.668958664387105,DISTRIBUTORE HELP ACQUI TERME,VIA CASSAROGNA 30 15011 - ACQUI TERME - AL | Prezzo: 0.698 € | Data: 29/09/2025 08:26:14
8.481220282803406,44.669015740619884,OASI,VIA CIRCONVALLAZIONE 15 15011 - ACQUI TERME - AL | Prezzo: 0.698 € | Data: 22/09/2025 08:53:27
8.4637652,44.6756687,RETITALIA,via fatebenefratelli 15 15011 - ACQUI TERME - AL | Prezzo: 0.698 € | Data: 25/09/2025 21:52:32
8.5506581,44.9213885,ALESSANDRIA,SR 10 km 88+273  sn 15122 - ALESSANDRIA - AL | Prezzo: 0.617 € | Data: 24/09/2025 19:19:21
8.63087385892868,44.90220486835905,ALESSANDRIA - CC PANORAMA,C/O CC PANORAMA SN 15121 - ALESSANDRIA - AL | Prezzo: 0.649 € | Data: 27/09/2025 01:08:15
8.593572982027695,44.921130477034694,Alessandria - Giordano Bruno,Via Giordano Bruno 77  15121 - ALESSANDRIA - AL | Prezzo: 0.649 € | Data: 29/09/2025 08:22:35
8.615406397730112,44.88638436498143,ALESSANDRIA - S.S.30,S.S. 30 KM. 3.295 SNC 15121 - ALESSANDRIA - AL | Prezzo: 0.649 € | Data: 28/09/2025 09:03:39
8.654644000123,44.900659000123,CIMOIL02,via stortigliona 2 15122 - ALESSANDRIA - AL | Prezzo: 0.677 € | Data: 29/09/2025 00:24:46
8.654644000123,44.900659000123,CIMOIL02,via stortigliona 2 15122 - ALESSANDRIA - AL | Prezzo: 0.677 € | Data: 29/09/2025 00:24:46
8.60159620642662,44.89145873426048,ERRETRE SRL VIA CASALCERMELLI,VIA CASALCERMELLI 100 15121 - ALESSANDRIA - AL | Prezzo: 0.669 € | Data: 24/09/2025 18:00:23
8.713609278202057,44.88478789339822,EUROPAM - CASCINA GROSSA,SS 10 KM.103\t  15040 - ALESSANDRIA - AL | Prezzo: 0.637 € | Data: 25/09/2025 12:00:35
8.585374511148899,44.92763801980061,GNL CARBURANTI SRL,CASALE SNC 15122 - ALESSANDRIA - AL | Prezzo: 0.689 € | Data: 23/09/2025 17:22:45
8.585374511148899,44.92763801980061,GNL CARBURANTI SRL,CASALE SNC 15122 - ALESSANDRIA - AL | Prezzo: 0.689 € | Data: 23/09/2025 17:22:45
8.625420928001404,44.93263457006159,IP,viale milite ignoto 49 15121 - ALESSANDRIA - AL | Prezzo: 0.699 € | Data: 24/09/2025 17:31:19
8.68751133854903,44.88968549657263,KEROPETROL SPA SPINETTA MARENGO,"VIA S.S.10 KM.100+526 S.N. 15121, ALESSANDRIA (AL) SNC 15122 - ALESSANDRIA - AL | Prezzo: 0.689 € | Data: 29/09/2025 06:43:36"
8.5972819,44.9190422,LCO ALESSANDRIA,via Giordano Bruno  65  - ALESSANDRIA - AL | Prezzo: 0.685 € | Data: 25/09/2025 18:56:34
8.6310894,44.9098796,RESTIANI - IL CHIOZZETTO,S.S. 10 KM. 96 + 313 S.N. 15122 - ALESSANDRIA - AL | Prezzo: 0.649 € | Data: 26/09/2025 18:25:13
8.70067298412323,44.91704718250436,STOIL SIMPLE,STR. PROV.LE 82 SPINETTA SALE  15122 - ALESSANDRIA - AL | Prezzo: 0.625 € | Data: 28/09/2025 23:40:47
8.68896530555725,44.90680580946462,TAMOIL 2232-CASTELCERIOLO,"SP 248 KM 1,8  CASTELCERIOLO  15122 - ALESSANDRIA - AL | Prezzo: 0.629 € | Data: 28/09/2025 15:08:05"
8.624820113182068,44.93864445373909,Valfuel snc,Strada Prov.le per Valle San Bartolomeo 2 15122 - ALESSANDRIA - AL | Prezzo: 0.729 € | Data: 25/09/2025 17:49:55
8.884828090667725,44.698799494700225,Api-IP,VIA GRAMSCI SNC 15061 - ARQUATA SCRIVIA - AL | Prezzo: 0.729 € | Data: 24/09/2025 16:57:21
8.652409315109253,44.627936919488285,BELFORTE MONFERRATO-C/O CC BENNET.,C/O CC BENNET BELFORTE 1 15070 - BELFORTE MONFERRATO - AL | Prezzo: 0.859 € | Data: 27/09/2025 01:08:16
8.666142225265503,44.59236962570605,STURA EST,"Autostrada A26 (GE) VOLTRI-GRAVELLONA T., Km. 25+500, dir. Nord - 15070 - BELFORTE MONFERRATO - AL | Prezzo: 0.899 € | Data: 28/09/2025 06:30:04"
8.664512783288956,44.591592228742755,STURA OVEST,"Autostrada A26 (GE) VOLTRI-GRAVELLONA T., Km. 176, dir. GENOVA - 15070 - BELFORTE MONFERRATO - AL | Prezzo: 0.977 € | Data: 28/09/2025 07:29:46"
8.737301230430603,44.83471785149353,Easy Service Bosco Marengo,"35 dei Giovi, Km. 16+315, Alessandria - 15062 - BOSCO MARENGO - AL | Prezzo: 0.635 € | Data: 29/09/2025 00:23:28"
8.47555,45.129555,11421 CASALE MONFERRATO,S.P. PER VALENZA KM.1+360   snc  - CASALE MONFERRATO - AL | Prezzo: 0.642 € | Data: 29/09/2025 06:32:20
8.448733224471287,45.1537195625967,Alessandria - Casale Monferrato,SPAZZACAMINO 20 15033 - CASALE MONFERRATO - AL | Prezzo: 0.679 € | Data: 29/09/2025 08:10:13
8.45292322,45.1027569,DISCAR CASALE MONFERRATO,S.da Alessandria 26/B 15033 - CASALE MONFERRATO - AL | Prezzo: 0.635 € | Data: 29/09/2025 07:18:15
8.4413758,45.1098914,ENI 01422 di Berta Gabriel,STATALE 31 KM. 27+280 SNC 15033 - CASALE MONFERRATO - AL | Prezzo: 0.642 € | Data: 29/09/2025 06:22:10
8.443860,45.113960,GETOIL CASALE,strada Asti  19/a 10050 - CASALE MONFERRATO - AL | Prezzo: 0.631 € | Data: 25/09/2025 15:15:35
8.594934940338135,44.81958678913551,BORMIDA EST,"Autostrada A26 (GE) VOLTRI-GRAVELLONA T., Km. 52,9, dir. Est - 15073 - CASTELLAZZO BORMIDA - AL | Prezzo: 0.878 € | Data: 29/09/2025 05:30:16"
8.593931332506145,44.81718786333268,BORMIDA OVEST,"Autostrada A26 (GE) VOLTRI-GRAVELLONA T.,  Km. 53, dir. GENOVA 15073 - CASTELLAZZO BORMIDA - AL | Prezzo: 0.999 € | Data: 28/09/2025 08:04:28"
8.613011920009285,44.85094129357722,TAMOIL,Strada Aulara 2424 15073 - CASTELLAZZO BORMIDA - AL | Prezzo: 0.629 € | Data: 28/09/2025 15:06:03
8.853375810272741,44.93427039898205,CASTELNUOVO SCRIVIA EST,"A7 MILANO-SERRAVALLE, Km. 60+710, NORD - 15053 - CASTELNUOVO SCRIVIA - AL | Prezzo: 0.769 € | Data: 26/09/2025 11:58:57"
8.878991570916696,44.96857056587288,EUROPAM - CASTELNUOVO SCRIVIA,VIA ALCIDE DE GASPERI 2 15053 - CASTELNUOVO SCRIVIA - AL | Prezzo: 0.677 € | Data: 25/09/2025 16:00:33
8.4036588,45.1637049,kerotris  Morano sul Pò ,CASALE 40 15025 - MORANO SUL PO - AL | Prezzo: 0.678 € | Data: 26/09/2025 20:40:37
8.4036588,45.1637049,kerotris  Morano sul Pò ,CASALE 40 15025 - MORANO SUL PO - AL | Prezzo: 0.678 € | Data: 26/09/2025 20:40:37
8.7458999,44.7694688,6880,PROVINCIALE N.155 KM. 2 S.N. 15067 - NOVI LIGURE - AL | Prezzo: 0.679 € | Data: 29/09/2025 08:02:21
8.838378000123,44.760605000123,BETTOLE DI NOVI LIGURE EST,"A7 MILANO-SERRAVALLE, Km. 10, GE-MI - 15067 - NOVI LIGURE - AL | Prezzo: 0.899 € | Data: 26/09/2025 06:15:54"
8.837005000123,44.760201000123,BETTOLE DI NOVI LIGURE OVEST,"A7 MILANO-SERRAVALLE, Km. 84, MI-GE - 15067 - NOVI LIGURE - AL | Prezzo: 0.899 € | Data: 26/09/2025 06:15:58"
8.81205502096418,44.74758967623737,KEROPETROL SPA NOVI LIGURE,"VIA S.S.35 BIS KM.3+801 S.N. 15067, NOVI LIGURE (AL) SN 15067 - NOVI LIGURE - AL | Prezzo: 0.675 € | Data: 29/09/2025 06:43:26"
8.748666387557932,44.8006432348141,MARENGO NORD,"A26 (GE) VOLTRI-GRAVELLONA Raccordo con A7, Km. 9+700, DIR. OVEST - 15067 - NOVI LIGURE - AL | Prezzo: 0.899 € | Data: 26/09/2025 06:16:03"
8.751058813491795,44.80079540265655,MARENGO SUD,"A26 (GE) VOLTRI-GRAVELLONA Raccordo con A7, Km. 10, sud - 15067 - NOVI LIGURE - AL | Prezzo: 0.799 € | Data: 29/09/2025 00:00:08"
8.76436,44.77350,PV04 NOVI LIGURE,"VIA STRADA BOSCOMARENGO 20 15067, NOVI LIGURE (AL)  15067 - NOVI LIGURE - AL | Prezzo: 0.679 € | Data: 29/09/2025 07:17:28"
8.807481212691597,44.75833276498919,sabilje berisa,"DISTRIBUTORE RETITALIA VIA CIRCONVALLAZIONE,20 20 15067 - NOVI LIGURE - AL | Prezzo: 0.679 € | Data: 29/09/2025 07:37:45"
8.510706421220675,45.07534193410377,MONFERRATO EST,"Autostrada A26 (GE) VOLTRI-GRAVELLONA T., Km. 83,5, dir. EST - 15040 - OCCIMIANO - AL | Prezzo: 0.879 € | Data: 25/09/2025 18:30:10"
8.65505052087387,44.65271824341084,ESSO,VIA NOVI 53 15076 - OVADA - AL | Prezzo: 0.859 € | Data: 27/09/2025 11:25:34
8.625634483714277,44.62319266844878,Q8,VIA MOLARE  60/D 15076 - OVADA - AL | Prezzo: 0.859 € | Data: 28/09/2025 23:43:03
8.610165717179257,45.05784242123047,com.pet ,strada provinciale Casale Valenza km 13+456  15040 - POMARO MONFERRATO - AL | Prezzo: 0.669 € | Data: 24/09/2025 07:48:20
8.7889221,44.7840247,EUROPAM - POZZOLO FORMIGARO,Str. Novi 5  15068 - POZZOLO FORMIGARO - AL | Prezzo: 0.677 € | Data: 28/09/2025 07:00:07
8.356290757656097,44.903631252610076,CROCETTA SUD,"Autostrada A21 TORINO-PIACENZA,  Km. 48, dir. est 15028 - QUATTORDIO - AL | Prezzo: 0.839 € | Data: 28/09/2025 11:54:23"
8.546450095904419,44.704945883389094,ESSO,PROV. 195 KM. 18+228 . 15010 - RIVALTA BORMIDA - AL | Prezzo: 0.679 € | Data: 29/09/2025 07:02:22
8.54981,45.01421,CENTRO CALOR SAN SALVATORE MONFERRATO,31 KM.41+148 S.N. 15046 - SAN SALVATORE MONFERRATO - AL | Prezzo: 0.669 € | Data: 26/09/2025 16:27:45
8.8255337,44.7443032,Esso,ALESSANDRIA 12 15069 - SERRAVALLE SCRIVIA - AL | Prezzo: 0.689 € | Data: 25/09/2025 10:58:48
8.83349597454071,44.73516279878055,SERRAVALLE SCRIVIA - SS35 BIS.,SS35 BIS SN 15069 - SERRAVALLE SCRIVIA - AL | Prezzo: 0.679 € | Data: 27/09/2025 01:08:16
8.532291948795319,44.713534505811495,ERRETRE STREVI,EX SS 30  15019 - STREVI - AL | Prezzo: 0.679 € | Data: 24/09/2025 11:00:24
8.86651,44.90791,PV02 TORTONA,"VIA S.S.10 KM.116+096 S.N. 15057, TORTONA (AL) 75 15057 - TORTONA - AL | Prezzo: 0.679 € | Data: 29/09/2025 07:19:39"
8.88669490814209,44.90542197191409,PV07 TORTONA,"VIA VIA S.PILOTTI 2/F 15057, TORTONA (AL) 2 15057 - TORTONA - AL | Prezzo: 0.679 € | Data: 29/09/2025 07:16:46"
8.84736567735672,44.894972852599714,TORTONA,STRADA STATALE PER ALESSANDRIA KM.113+614  15057 - TORTONA - AL | Prezzo: 0.679 € | Data: 27/09/2025 08:36:06
8.883669263274442,44.93516582629164,TORTONA NORD,"Autostrada A21 TORINO-PIACENZA,  Km. 91, dir. torino 15057 - TORTONA - AL | Prezzo: 0.799 € | Data: 27/09/2025 14:45:40"
8.8857908,44.9352259,TORTONA SUD,"Autostrada A21 TORINO-PIACENZA, dir. PIACENZA  - TORTONA - AL | Prezzo: 0.869 € | Data: 26/09/2025 17:20:16"
8.634726852178574,45.00453472348812,ENI,S.S.494 KM 78 78 15048 - VALENZA - AL | Prezzo: 0.669 € | Data: 29/09/2025 07:52:09
8.6390563,44.9966947,ESSO,STATALE 494 KM.79+370 SNC 15048 - VALENZA - AL | Prezzo: 0.669 € | Data: 25/09/2025 07:16:56
8.465003093254154,45.166926910748316,VILLANOVA MONFERRATO.,C/O BENNET MONFERRATO SHOPPING C SN 15030 - VILLANOVA MONFERRATO - AL | Prezzo: 0.719 € | Data: 27/09/2025 01:08:16
8.2541933,44.8038038,BEYFIN Maschio Simone,"PROV. ASTI MARE KM18,100  14041 - AGLIANO TERME - AT | Prezzo: 0.649 € | Data: 24/09/2025 06:52:03"
8.251385544180266,44.90653336880364,11418 MONTANELLA & C. SNC,CORSO ALESSANDRIA 494 14100 - ASTI - AT | Prezzo: 0.654 € | Data: 29/09/2025 08:02:21
8.22214695558197,44.91579679939346,2156,CASALE 322 14100 - ASTI - AT | Prezzo: 0.629 € | Data: 28/09/2025 12:50:11
8.223065844808616,44.95273374153334,B+,"VIA PORTACOMARO STAZIONE S.S.457 KM.33+217 217 14100, ASTI (AT) S.S.457 14100 - ASTI - AT | Prezzo: 0.629 € | Data: 29/09/2025 06:53:32"
8.205069154500961,44.86521481926581,DIS CAR,"STRADA STAT. 231 DIR KM6 + 112 112 14100, ASTI (AT) KM 6+112 14100 - ASTI - AT | Prezzo: 0.659 € | Data: 26/09/2025 15:39:50"
8.222057695770268,44.90563245651508,Enercoop Asti,Via MONTI 2a 14100 - ASTI - AT | Prezzo: 0.635 € | Data: 28/09/2025 18:46:22
8.166682720184326,44.90175650374798,Inzirillo Salvatore Roberto,CORSO TORINO 442 14100 - ASTI - AT | Prezzo: 0.629 € | Data: 23/09/2025 17:04:02
8.093326279762323,44.90383020042228,TotalErg,"10 Padana Inferiore, Km. 48.405, ovest - 14011 - BALDICHIERI D'ASTI - AT | Prezzo: 0.629 € | Data: 24/09/2025 09:54:30"
8.342961519956589,44.7415057572251,TAMOIL,"Statale 592 di Canelli, Km. 3+860, dir. OVEST  14042 - CALAMANDRANA - AT | Prezzo: 0.719 € | Data: 26/09/2025 08:39:00"
8.228183842051088,44.97554918884501,CASTELL'ALFERO,S.P.457 PER MONCALVO  14033 - CASTELL'ALFERO - AT | Prezzo: 0.65 € | Data: 27/09/2025 08:23:31
8.321720428835988,44.877909092260516,7383,S.S.N. 10 KM 69+155 SN 14034 - CASTELLO DI ANNONE - AT | Prezzo: 0.659 € | Data: 29/09/2025 07:30:15
7.966313588954904,45.0279705827288,M SELF H24,STRADA PROVINCIALE 16 KM 15+018  14022 - CASTELNUOVO DON BOSCO - AT | Prezzo: 0.655 € | Data: 25/09/2025 11:51:22
8.031861,45.039576,6882,V. Torino  30172 - CERRETO D'ASTI - AT | Prezzo: 0.639 € | Data: 29/09/2025 07:52:17
8.056557472391887,44.980214326318155,paolo romanato,via casale 1 c/o  distributore B+ 1 14010 - CORTAZZONE - AT | Prezzo: 0.624 € | Data: 26/09/2025 08:50:47
8.269067332148552,44.76845804344314,SCAGLIONE MARCO,REGIONE MOLINO 8 14050 - MOASCA - AT | Prezzo: 0.639 € | Data: 25/09/2025 19:40:55
8.352873623371124,44.76596569782801,IP,STRADA CANELLI 14/A 14049 - NIZZA MONFERRATO - AT | Prezzo: 0.736 € | Data: 25/09/2025 08:24:45
8.370249402076860,44.77130544455330,SHELL NIZZA MONFERRATO STRADA ALESSANDRIA N.40 (SP 28 PER ALESSANDRIA KM 25+896),S.P.NIZZA-MONFERRATO KM 25+896 SN 14049 - NIZZA MONFERRATO - AT | Prezzo: 0.699 € | Data: 29/09/2025 07:13:30
8.070452436745882,44.84444799824974,7274,45 VILLANOVA/SAN DAMIANO S.N. 14015 - SAN DAMIANO D'ASTI - AT | Prezzo: 0.629 € | Data: 28/09/2025 12:44:23
8.211780874205033,44.82663179842431,DALLE VIGLIANO D'ASTI,S.P. 456 VIA ASTI MARE  14040 - VIGLIANO D'ASTI - AT | Prezzo: 0.649 € | Data: 26/09/2025 16:33:05
8.040437228277028,44.91175954810604,eni cafe,PIEVE 47 14018 - VILLAFRANCA D'ASTI - AT | Prezzo: 0.655 € | Data: 29/09/2025 07:52:29
7.948329683447253,44.936763559936885,DISCAR VILLANOVA D'ASTI ,"STRADA EX S.S. N. 10 PADANA INFERIORE KM. 35+100 S.N. 14019, VILLANOVA D'ASTI (AT) +100 14019 - VILLANOVA D'ASTI - AT | Prezzo: 0.655 € | Data: 29/09/2025 07:10:18"
7.921306863427162,44.941073899594166,VILLANOVA D'ASTI,S.P. PER POIRINO 44 14019 - VILLANOVA D'ASTI - AT | Prezzo: 0.655 € | Data: 26/09/2025 16:19:12
7.951682622473157,44.950642822945696,VILLANOVA NORD,"Autostrada A21 TORINO-PIACENZA, dir. TORINO 14019 - VILLANOVA D'ASTI - AT | Prezzo: 0.879 € | Data: 29/09/2025 06:16:37"
7.95183,44.9496,VILLANOVA SUD,"Autostrada A21 TORINO-PIACENZA,  Km. 13.052, dir. Est 14019 - VILLANOVA D'ASTI - AT | Prezzo: 0.799 € | Data: 29/09/2025 00:21:56"
8.07215285156425,45.55004232610444,Distributore Esso ILARY S.N.C.,TROSSI SNC 13900 - BIELLA - BI | Prezzo: 0.675 € | Data: 26/09/2025 08:52:46
8.075541257858276,45.5493291633965,Enercoop Biella,VIALE CLAUDIO VILLA 2 13900 - BIELLA - BI | Prezzo: 0.675 € | Data: 28/09/2025 19:46:20
8.259285986423492,45.57933059708864,IGAS,TORINO 12 13862 - BRUSNENGO - BI | Prezzo: 0.689 € | Data: 28/09/2025 19:56:10
8.101259922230573,45.464571241253374,Biella - Cerrione,S.P. 143 KM 20+580 SNC 13882 - CERRIONE - BI | Prezzo: 0.669 € | Data: 29/09/2025 08:04:16
8.240990793640094,45.55915929898186,Vargas s.r.l. - Masserano,VIA 4 NOVEMBRE 24 13866 - MASSERANO - BI | Prezzo: 0.689 € | Data: 29/09/2025 07:50:16
8.0414,45.531541,6883,S.P. 400/A KM 2+950 S.N. 13875 - PONDERANO - BI | Prezzo: 0.659 € | Data: 29/09/2025 08:26:16
8.085867411045115,45.49776539881739,2483,S.S. 143 KM 24+447 SN 13876 - SANDIGLIANO - BI | Prezzo: 0.679 € | Data: 29/09/2025 07:32:05
8.131582752149598,45.56635738884196,VALDENGO - 8639,Via Roma  51 13060 - VALDENGO - BI | Prezzo: 0.699 € | Data: 29/09/2025 07:30:11
8.037247516532883,44.721849492698475,CONAD SELF 24h,"CORSO ASTI SNC 12051, ALBA (CN) 13/1 12051 - ALBA - CN | Prezzo: 0.648 € | Data: 23/09/2025 07:47:41"
8.01036234462738,44.68729521549808,Erretre Alba,Corso Europa 87  12051 - ALBA - CN | Prezzo: 0.699 € | Data: 25/09/2025 18:00:37
8.021420299999999,44.6957015,Staz. di servizio IP - Gierre snc,Via Ognissanti 13 12051 - ALBA - CN | Prezzo: 0.726 € | Data: 24/09/2025 06:24:13
8.048579927587877,44.31354551612112,DISCAR BAGNASCO,"VIA SS.28 KM.64+000  - Via Nazionale SN 12071, BAGNASCO (CN) SN 12071 - BAGNASCO - CN | Prezzo: 0.669 € | Data: 29/09/2025 07:26:19"
7.338554,44.729755,306 Barge,SAN MARTINO S.P. STR PROV 29 KM   - BARGE - CN | Prezzo: 0.684 € | Data: 29/09/2025 00:13:15
7.6775872711639295,44.375949254376316,P.V. BEINETTE,"VIA VIA MONDOVI' 88 12081, BEINETTE (CN) 88 12081 - BEINETTE - CN | Prezzo: 0.628 € | Data: 26/09/2025 12:13:43"
7.4819885194301605,44.397320731420436,PV. SAN ROCCO DI BERNEZZO,"VIA FRAZIONE SAN ROCCO VIA VALLE GRANA 16 12010, BERNEZZO (CN) 16 12010 - BERNEZZO - CN | Prezzo: 0.628 € | Data: 26/09/2025 11:58:14"
7.505641579627991,44.34793246511676,CONAD,Via Cuneo 84/86 12011 - BORGO SAN DALMAZZO - CN | Prezzo: 0.628 € | Data: 29/09/2025 08:10:50
7.54624543484033,44.34710160910958,IP,Via Professor Mario Martini 12 12012 - BOVES - CN | Prezzo: 0.649 € | Data: 29/09/2025 07:47:16
7.829067707061768,44.684753364598976,Erretre BRA,"Strada Statale 702, Km. 3+589,50 dir. BRA  12042 - BRA - CN | Prezzo: 0.679 € | Data: 26/09/2025 12:00:47"
7.7636108322453765,44.704758581313314,RIO COLORE EST,"A6 TORINO-SAVONA, Km. 29.776, nord - 12042 - BRA - CN | Prezzo: 0.799 € | Data: 26/09/2025 10:50:43"
7.834268510341644,44.712858991781495,Socogas,VIA DON ORIONE 118 12942 - BRA - CN | Prezzo: 0.649 € | Data: 26/09/2025 19:20:32
7.486561237283529,44.53841883568332,gazoline cafè,"589 dei Laghi di Avigliana, Km. 147, busca - 12022 - BUSCA - CN | Prezzo: 0.649 € | Data: 25/09/2025 08:36:54"
7.44167223572731,44.42478395155908,area di servizio mercurio,via centallo  19 12023 - CARAGLIO - CN | Prezzo: 0.669 € | Data: 26/09/2025 20:24:08
8.058531788566054,44.743862693420226,A&B CARBURANTI S.N.C.,"231 di Santa Vittoria, Km. km.23+200, Santa Vittoria - 12050 - CASTAGNITO - CN | Prezzo: 0.699 € | Data: 24/09/2025 13:33:12"
7.686198,44.718459,Stazione IP Cavallermaggiore,STATALE 20 12030 - CAVALLERMAGGIORE - CN | Prezzo: 0.689 € | Data: 26/09/2025 18:13:42
7.631892715021177,44.463789626793215,MED - EL S.R.L.S. CENTALLO,LOCALITA' PEDAGGIO SOTTANO S.S. 231 KM 74 + 559  12044 - CENTALLO - CN | Prezzo: 0.639 € | Data: 10/09/2025 09:21:52
7.801283411045059,44.80318283734893,IP,S.P. 10 Km.21+225  12040 - CERESOLE ALBA - CN | Prezzo: 0.679 € | Data: 27/09/2025 10:02:24
8.044181720237702,44.38740414871915,distributore carburanti via consolata 72 ceva,"VIA VIA CONSOLATA 79 12073, CEVA (CN) 72 12073 - CEVA - CN | Prezzo: 0.729 € | Data: 26/09/2025 08:09:59"
8.037598729133606,44.376316089557044,tamoil,SP 225 51 12073 - CEVA - CN | Prezzo: 0.699 € | Data: 26/09/2025 09:54:33
7.817266222143542,44.66782759012737,DISCAR CHERASCO,"FRAZIONE RORETO STRADA STATALE 662 KM 1 + 212 S/N 12062, CHERASCO (CN) +212 S/N 12062 - CHERASCO - CN | Prezzo: 0.645 € | Data: 29/09/2025 07:28:21"
7.866538166999817,44.64581754587524,ERRETRE FONDOVALLE,STRADA PROVINCIALE FONDOVALLE 12 KM 0+680  12062 - CHERASCO - CN | Prezzo: 0.679 € | Data: 25/09/2025 19:00:36
7.805456221103668,44.666466021813584,Q8,"strada provinciale 662, km 2+244  12062 - CHERASCO - CN | Prezzo: 0.659 € | Data: 26/09/2025 11:13:55"
8.20094458758831,44.57297915825567,DISTRIBUTORE HELP CORTEMILIA,CORSO DIVISIONI ALPINE 193 12074 - CORTEMILIA - CN | Prezzo: 0.737 € | Data: 28/09/2025 23:16:25
7.552894,44.41241,00209 CUNEO,FRAZ. MADONNA DELL'OLMO VIA TORINO  135 00   - CUNEO - CN | Prezzo: 0.704 € | Data: 29/09/2025 00:20:44
7.521890998474112,44.37229534292166,AUTOLAVAGGIO VADO DA BENI CUNEO DE GASPERI,Corso A. de Gasperi 72 12100 - CUNEO - CN | Prezzo: 0.639 € | Data: 22/09/2025 08:36:01
7.554105073213577,44.423482127152454,CUNEO - VIA DELL AUTOMOBILE CLUB.,VIA DELL'AUTOMOBILE CLUB C/O C.C. GRAND'A SN 12100 - CUNEO - CN | Prezzo: 0.689 € | Data: 29/09/2025 01:05:14
7.523350864648819,44.378166101041806,Enercoop Cuneo,VIA CASCINA COLOMBARO 26/A 12100 - CUNEO - CN | Prezzo: 0.639 € | Data: 28/09/2025 11:16:40
7.556512355804443,44.42595740763378,EREDI SORLINO MARIO SNC,TORINO 238A/B/C 12100 - CUNEO - CN | Prezzo: 0.699 € | Data: 25/09/2025 11:44:28
7.556512355804443,44.42595740763378,EREDI SORLINO MARIO SNC,TORINO 238A/B/C 12100 - CUNEO - CN | Prezzo: 0.699 € | Data: 25/09/2025 11:44:28
7.54815478,44.3944411,PV SOCOGAS RETE CUNEO BELLAVISTA,Discesa Bellavista  12100 - CUNEO - CN | Prezzo: 0.639 € | Data: 29/09/2025 07:16:36
7.54090055,44.4002302,SOCOGAS RETE  CUNEO OLMO PV 210310,VIA S.S.20 AL KM.74+463 VIA TORINO  19 12100 - CUNEO - CN | Prezzo: 0.689 € | Data: 29/09/2025 08:04:16
7.5370154,44.398596,SOCOGAS RETE CUNEO RONCATA PV 210069 ,Via Roncata 108  12100 - CUNEO - CN | Prezzo: 0.689 € | Data: 29/09/2025 00:26:03
7.899930091242173,44.50616336575898,Socogas di Lucely Forero,STR. PROVINCIALE DELLE LANGHE 9 12060 - FARIGLIANO - CN | Prezzo: 0.679 € | Data: 26/09/2025 08:06:56
7.70810008,44.5462999,ESSO FOSSANO PV 361386,Via Villafalletto 29/A  12045 - FOSSANO - CN | Prezzo: 0.649 € | Data: 29/09/2025 08:02:13
7.712951320209413,44.5547316050886,FOSSANO,VIA CERESOLIA 1 12045 - FOSSANO - CN | Prezzo: 0.649 € | Data: 23/09/2025 08:18:44
7.742172181606293,44.658408452198756,totalerg,"Statale 662 di Savigliano, Km. 7.715, dir. bra - 12030 - MARENE - CN | Prezzo: 0.719 € | Data: 25/09/2025 11:11:04"
7.628213762313862,44.677040078217416,Monasterolo di Savigliano,SAVIGLIANO 49/A 12030 - MONASTEROLO DI SAVIGLIANO - CN | Prezzo: 0.649 € | Data: 23/09/2025 12:43:29
7.788379937410355,44.41161189085924,IP MONDOVI' VIA CUNEO 107,VIA CUNEO 107 12084 - MONDOVÌ - CN | Prezzo: 0.679 € | Data: 25/09/2025 07:52:50
7.816348,44.39826,MONDOVI EST,"Autostrada A6 TORINO-SAVONA,  Km. 64, dir. NORD 12084 - MONDOVÌ - CN | Prezzo: 0.858 € | Data: 26/09/2025 10:00:06"
7.823794,44.398432,PV Q8 MONDOVI' LANGHE,Via delle Langhe 7 12084 - MONDOVÌ - CN | Prezzo: 0.679 € | Data: 29/09/2025 07:58:07
7.663991153240204,44.45633646796895,faccia da bar,via circonvallazione 5 12040 - MONTANERA - CN | Prezzo: 0.649 € | Data: 25/09/2025 15:17:48
7.8184448,44.384256,STAZIONE SERVIZO ESSO,CUNEO 22/A 12040 - MOROZZO - CN | Prezzo: 0.679 € | Data: 26/09/2025 10:47:22
7.9353263341430536,44.406376347227116,DISCAR NIELLA TANARO,"VIA VIA LESEGNO ANGOLO VIA ROCCA CIGLIE' S/N 12060, NIELLA TANARO (CN) SN 12060 - NIELLA TANARO - CN | Prezzo: 0.669 € | Data: 29/09/2025 08:10:13"
8.0763520000123,44.371813000123,PRIERO OVEST,"A6 TORINO-SAVONA, Km. 84.00, SAVONA - 12070 - PRIERO - CN | Prezzo: 0.798 € | Data: 25/09/2025 08:55:30"
7.6748664723872935,44.758066669514115,RACCONIGI - PRINCIPE DI PIEMONTE,VIA PRINCIPE DI PIEMONTE 110 12035 - RACCONIGI - CN | Prezzo: 0.719 € | Data: 28/09/2025 09:01:18
7.69896617,44.8121621,SOCOGAS SPA RACCONIGI PV 210545,S.S. 20 KM 24  12035 - RACCONIGI - CN | Prezzo: 0.689 € | Data: 29/09/2025 00:08:14
7.40374,44.65734,H2O,SP26 Km. 6+224  12036 - REVELLO - CN | Prezzo: 0.659 € | Data: 27/09/2025 08:16:34
7.346340233135265,44.64769809176585,DALLE RIFREDDO,VIA PROVINCIALE 23 12030 - RIFREDDO - CN | Prezzo: 0.654 € | Data: 29/09/2025 07:35:31
7.944137156009674,44.683333384071204,IP,VIA D.D. CASTELLI STR.PROV 7  12060 - RODDI - CN | Prezzo: 0.679 € | Data: 23/09/2025 11:31:20
8.066077367166145,44.37543592687127,TERMOCEVA,strada Provinciale 430 km 1+976  12070 - SALE DELLE LANGHE - CN | Prezzo: 0.659 € | Data: 24/09/2025 08:51:53
7.517415330019844,44.64766180938942,IP SALUZZO LOC. RUATA EANDI ,"Statale 662 di Savigliano, Km. 26+827, dir. SAVIGLIANO  12037 - SALUZZO - CN | Prezzo: 0.679 € | Data: 25/09/2025 08:35:23"
7.5074440240859985,44.627079824171894,CENTRO CALOR SALUZZO,"STRADA PROVINCIALE 161 KM.1,335  12037 - SALUZZO - CN | Prezzo: 0.649 € | Data: 26/09/2025 16:25:46"
7.510026072942132,44.668398529866565,costantin,REGIONE TORRAZZA 23/B 12037 - SALUZZO - CN | Prezzo: 0.659 € | Data: 26/09/2025 08:41:14
7.4967713,44.6349061,PARA STAZIONE DI SERVIZIO ,CUNEO 20 12037 - SALUZZO - CN | Prezzo: 0.649 € | Data: 28/09/2025 23:51:53
7.9504162,44.6963438,PV 10254 SANTA VITTORIA D'ALBA,STATALE 231 KM 34+300 200 12069 - SANTA VITTORIA D'ALBA - CN | Prezzo: 0.679 € | Data: 29/09/2025 07:44:25
7.93996076190183,44.69336274615164,SANTA VITTORIA D'ALBA - SS231.,SS231 31 12069 - SANTA VITTORIA D'ALBA - CN | Prezzo: 0.649 € | Data: 27/09/2025 01:36:55
7.665626297869835,44.626062829649186,CENTRO CALOR SAVIGLIANO,VIA CUNEO 46/A 12038 - SAVIGLIANO - CN | Prezzo: 0.639 € | Data: 26/09/2025 16:25:47
7.66293476562498,44.64645880015935,CONAD SUPERSTORE SAVIGLIANO ,SALUZZO 65 12038 - SAVIGLIANO - CN | Prezzo: 0.588 € | Data: 22/09/2025 10:04:31
7.661668082764659,44.60610545057373,CPP-SAVIGLIANO,S.P. N°20 KM 48+480 SNC 12038 - SAVIGLIANO - CN | Prezzo: 0.639 € | Data: 29/09/2025 07:58:17
7.684966,44.65015,PV SOCOGAS RETE SAVIGLIANO,Via Alba 44/A 12038 - SAVIGLIANO - CN | Prezzo: 0.598 € | Data: 29/09/2025 08:04:16
7.571523058930552,44.684481773193966,CENTRO CALOR SCARNAFIGI,STRADA MORETTA 1 12030 - SCARNAFIGI - CN | Prezzo: 0.649 € | Data: 26/09/2025 16:25:47
7.542379796504974,44.4892593957523,Stazione di Servizio Esso,Via Circonvallazione 44 12020 - TARANTASCA - CN | Prezzo: 0.669 € | Data: 27/09/2025 05:54:08
8.008709996938705,44.77042358429457,CENTRO CALOR VEZZA,VIA TORINO 77 BIS 12040 - VEZZA D'ALBA - CN | Prezzo: 0.639 € | Data: 23/09/2025 18:00:09
8.00341933965683,44.755493167473155,franzero maurizio,regione casino  1 12040 - VEZZA D'ALBA - CN | Prezzo: 0.649 € | Data: 26/09/2025 07:36:00
7.541339099407196,44.55523702757342,57443,VIA CIRCONVALLAZIONE EST 18/A 12020 - VILLAFALLETTO - CN | Prezzo: 0.65 € | Data: 29/09/2025 07:20:09
7.547574505611405,44.53598146551689,CPP-VILLAFALLETTO,25 KM12 527 SNC 12020 - VILLAFALLETTO - CN | Prezzo: 0.649 € | Data: 29/09/2025 07:48:12
9.628764656146567,45.17584259192951,CASALPUSTERLENGO,S.P.234 CODOGNESE  26841 - CASALPUSTERLENGO - LO | Prezzo: 0.669 € | Data: 25/09/2025 09:51:50
9.630077183246613,45.191583429264185,IP,EMILIA NORD KM. 280 SNC 26841 - CASALPUSTERLENGO - LO | Prezzo: 0.699 € | Data: 27/09/2025 07:50:06
9.66015051867032,45.1675592333066,TAMOIL 6909,S.S. N. 9 KM 276+370 SNC 26845 - CODOGNO - LO | Prezzo: 0.659 € | Data: 29/09/2025 07:28:24
9.697519249026513,45.14897884834186,START SERVICE - FOMBIO,VIA BOCCASERIO 1 26861 - FOMBIO - LO | Prezzo: 0.659 € | Data: 24/09/2025 21:51:03
9.684527809639803,45.10381624823061,Erredue snc,"VIA EMILIA 18, 26862 18 26862 - GUARDAMIGLIO - LO | Prezzo: 0.759 € | Data: 25/09/2025 09:15:56"
9.484424591064453,45.29964822391183,BC Lodi,SP 235 KM 33+600 LATO DX SNC 26900 - LODI - LO | Prezzo: 0.669 € | Data: 29/09/2025 00:19:46
9.478518962860107,45.32262882064266,BEYFIN,MILANO SNC 26900 - LODI - LO | Prezzo: 0.679 € | Data: 28/09/2025 18:15:40
9.493222,45.299444,Coil Lodi,S.P. CIRCONVALLAZIONE SUD SNC 20075 - LODI - LO | Prezzo: 0.669 € | Data: 29/09/2025 06:04:15
9.505418449454485,45.29663857436708,esso,via circonvalazione sud  snc 26900 - LODI - LO | Prezzo: 0.669 € | Data: 26/09/2025 15:18:10
9.58837017416954,45.269838694590625,KEROPETROL SPA MAIRAGO,"VIA S.P. 26 KM 4+973 0 26825, MAIRAGO (LO) SNC 26825 - MAIRAGO - LO | Prezzo: 0.669 € | Data: 29/09/2025 06:43:19"
9.53534931612027,45.247532284591784,TAMOIL OSSAGO,"Strada Provinciale 107, Km. 6+467, Lodi-Livraga  26816 - OSSAGO LODIGIANO - LO | Prezzo: 0.639 € | Data: 28/09/2025 10:17:31"
9.634009416007984,45.1419702696609,SOMAGLIA OVEST,"Autostrada A1 MILANO-NAPOLI, Km. 43+500, dir. Sud - 26867 - SOMAGLIA - LO | Prezzo: 0.78 € | Data: 29/09/2025 00:18:46"
9.380674027064268,45.336013193645954,105374 SORDIO,EMILIA KM 307 SNC 26858 - SORDIO - LO | Prezzo: 0.689 € | Data: 26/09/2025 16:53:57
9.443078935146332,45.40937549614665,YPSILON SERVICE DI CATELLA CLAUDIO CARLO DOMENICO & C. S.N.C. ,"Statale 415 Paullese, Km. 15+158, dir. milano - 26839 - ZELO BUON PERSICO - LO | Prezzo: 0.779 € | Data: 27/09/2025 07:31:25"
8.638135939836502,45.54255453141987,TAMOIL ITALIA SPA,"32 Ticinese, Km. 11+280, NOVARA - 28043 - BELLINZAGO NOVARESE - NO | Prezzo: 0.649 € | Data: 28/09/2025 15:12:06"
8.48326581457737,45.677647348333736,borgomanero,VIA NOVARA 326 28021 - BORGOMANERO - NO | Prezzo: 0.689 € | Data: 25/09/2025 14:00:36
8.472279561060846,45.68752718464642,Vargas S.r.l. - Borgomanero,Via Novara 188 28021 - BORGOMANERO - NO | Prezzo: 0.689 € | Data: 28/09/2025 21:00:10
8.452392965555191,45.71430939769307,VEGA VIA GOZZANO,VIA GOZZANO  28021 - BORGOMANERO - NO | Prezzo: 0.689 € | Data: 28/09/2025 21:36:59
8.486165,45.53616,378 BRIONA,S.P. 299 DELLA VALSESIA KM 14 +  00   - BRIONA - NO | Prezzo: 0.704 € | Data: 29/09/2025 07:32:15
8.597638000123,45.506408000123,Olicarb Caltignaga,"229 del Lago d'Orta, Km. 6+967, Momo - 28010 - CALTIGNAGA - NO | Prezzo: 0.709 € | Data: 18/09/2025 17:13:20"
8.592177284108857,45.71872300215542,Gas Auto,"33 del Sempione, Km. 58, Nord - 28053 - CASTELLETTO SOPRA TICINO - NO | Prezzo: 0.649 € | Data: 24/09/2025 16:00:24"
8.5901649,45.7102116,VEGA CASTELLETTO,SS32 31 + 600 28040 - CASTELLETTO SOPRA TICINO - NO | Prezzo: 0.649 € | Data: 28/09/2025 21:34:34
8.502123802900314,45.66074030377374,AGOGNA EST,"A26 (GE) VOLTRI-GRAVELLONA T., Km. 154+800, Gravellona - 28012 - CRESSA - NO | Prezzo: 0.849 € | Data: 29/09/2025 05:58:02"
8.499645441770554,45.6613289284367,AGOGNA OVEST,"A26 (GE) VOLTRI-GRAVELLONA T., Km. 154, Genova  - 28012 - CRESSA - NO | Prezzo: 0.849 € | Data: 29/09/2025 05:58:03"
8.565547322090197,45.74527737813549,QUI24,VIA CAVOUR 7 28040 - DORMELLETTO - NO | Prezzo: 0.669 € | Data: 26/09/2025 08:55:23
8.693452554175565,45.4687719482225,Easy Service Galliate,Via Vittime di kabul  28066 - GALLIATE - NO | Prezzo: 0.669 € | Data: 29/09/2025 00:22:50
8.4243892,45.6014053,Distributore Q8,PAPA GIOVANNI XXIII 5 28074 - GHEMME - NO | Prezzo: 0.739 € | Data: 24/09/2025 11:52:17
8.578592240810394,45.37925062544124,stazione agip di primerano martino,S.P. 9 novara robbio km 5+200  28060 - GRANOZZO CON MONTICELLO - NO | Prezzo: 0.7 € | Data: 24/09/2025 07:36:03
8.621992,45.636731,MARANO TICINO,SS32 KM 22+462 28040 - MARANO TICINO - NO | Prezzo: 0.589 € | Data: 29/09/2025 06:16:02
8.622824549674988,45.6358830743925,MARANO TICINO,"Statale 32 Ticinese, Km. 22+362, dir. NOVARA - 28040 - MARANO TICINO - NO | Prezzo: 0.599 € | Data: 28/09/2025 09:03:09"
8.567601354397084,45.55437291294031,fermata belvedere,sp 229 km 12  28015 - MOMO - NO | Prezzo: 0.689 € | Data: 29/09/2025 08:16:32
8.599705473013842,45.467296719756995,436 Novara Bolori,Via Bolori 14 28100 - NOVARA - NO | Prezzo: 0.704 € | Data: 29/09/2025 07:17:25
8.648385720007354,45.41920163778996,COMMERCIALE PAGANONI PC22,VIA 23 MARZO 1849 482 28100 - NOVARA - NO | Prezzo: 0.659 € | Data: 29/09/2025 00:19:01
8.631698901152786,45.46653984186392,ECONOMY SRL - NOVARA VIA PAVESI,Via Mario Pavesi  28100 - NOVARA - NO | Prezzo: 0.669 € | Data: 26/09/2025 08:47:49
8.603957007270795,45.429152421614965,Green Fuel Company S.p.A. - Novara,VIA PIETRO GENERALI 25 28100 - NOVARA - NO | Prezzo: 0.699 € | Data: 22/09/2025 09:25:08
8.657451868057251,45.46944614466569,NOVARA NORD,"Autostrada A4 TORINO-MILANO, dir. Milano-Torino   - NOVARA - NO | Prezzo: 0.899 € | Data: 27/09/2025 11:12:29"
8.660130813716478,45.468334580874675,NOVARA SUD,"Autostrada A4 TORINO-MILANO, Km. 89, dir. milano - 28100 - NOVARA - NO | Prezzo: 0.829 € | Data: 29/09/2025 06:32:15"
8.609904590212977,45.46406929400045,NOVARA V.LE EUROPA 100,V.LE EUROPA 100 28100 - NOVARA - NO | Prezzo: 0.669 € | Data: 27/09/2025 01:37:41
8.6673851,45.4489907,Stazione IP Novara-Est,TANGENZIALE EST SN 28100 - NOVARA - NO | Prezzo: 0.699 € | Data: 29/09/2025 08:10:06
8.633881813811286,45.436651692236396,TotalErg,VIA SFORZESCA 3 28100 - NOVARA - NO | Prezzo: 0.699 € | Data: 23/09/2025 18:05:21
8.621968924999237,45.468162344090175,VEGA NOVARA AMERICHE,VIA DELLE AMERICHE  28100 - NOVARA - NO | Prezzo: 0.669 € | Data: 28/09/2025 21:34:38
8.522142511674135,45.74571463482317,F.LLI GHERPU SNC di Alessandro e Roberta Gherpù,VIA BORGOMANERO 10 28040 - PARUZZARO - NO | Prezzo: 0.689 € | Data: 29/09/2025 07:58:15
8.497560024261475,45.72843463993083,VEGA PARUZZARO,VIA BORGOMANERO S.S.142KM 47+600 9/A 28040 - PARUZZARO - NO | Prezzo: 0.689 € | Data: 28/09/2025 21:29:12
8.361800014972687,45.656855225748025,Api-Ip,"VIA S.P. NOVARA/VALSESIA KM. 2+480 - 28077, PRATO SESIA (NO)  28077 - PRATO SESIA - NO | Prezzo: 0.699 € | Data: 29/09/2025 07:42:27"
8.377316507649757,45.63960905322052,KEROPETROL SPA - PRATO SESIA,FRA DOLCINO 83 28077 - PRATO SESIA - NO | Prezzo: 0.689 € | Data: 29/09/2025 06:43:29
8.78904,45.44517,460 TRECATE,S.P. 4 OVEST TICINO SNC 28069 - TRECATE - NO | Prezzo: 0.704 € | Data: 29/09/2025 07:08:07
8.775389467459036,45.443167644382875,TI-GAS S.R.L.,VIA TORINO 70 28069 - TRECATE - NO | Prezzo: 0.69 € | Data: 22/09/2025 11:30:07
8.667282164096832,45.36043600532839,VESPOLATE,S.P. 211 LOMELLINA  28079 - VESPOLATE - NO | Prezzo: 0.679 € | Data: 27/09/2025 08:22:23
8.45726989209652,45.470895252340576,KEROPETROL SPA VICOLUNGO,"VIA S.P.  15/A KM. 0+800 ANGOLO VIA DELLA CASTAGNA - 28060, VICOLUNGO (NO) SNC 28060 - VICOLUNGO - NO | Prezzo: 0.659 € | Data: 29/09/2025 06:43:40"
9.233327290483317,45.11888149895247,ITALIANA PETROLI,"617 Bronese, Km. 7 388 , pavia - 27040 - ALBAREDO ARNABOLDI - PV | Prezzo: 0.779 € | Data: 29/09/2025 07:49:32"
9.038746654987335,45.25350926342035,STAZIONE DI SERVIZIO PIT STOP,VILLETTE 10 BIS 2 27021 - BEREGUARDO - PV | Prezzo: 0.659 € | Data: 27/09/2025 07:57:16
9.135665930688486,45.05840285072531,BRESSANA BOTTARONE,S.S.35 KM 74 + 510/570 S.N.C 27042 - BRESSANA BOTTARONE - PV | Prezzo: 0.639 € | Data: 29/09/2025 00:18:04
9.3519872,45.7342976,RGA S.N.C,PROVINCIALE DELLE TESTE 4 27043 - BRONI - PV | Prezzo: 0.699 € | Data: 23/09/2025 07:54:27
9.13421,45.05108,MG.snc Petroli,PROVINCIALE 35 KM.73+895 SNC 27040 - CASATISMA - PV | Prezzo: 0.659 € | Data: 27/09/2025 13:00:58
8.9138562977314,45.02524011279336,CASEI GEROLA,S.P. 206  27050 - CASEI GEROLA - PV | Prezzo: 0.639 € | Data: 27/09/2025 08:16:23
8.800284644180238,45.362877001506725,CASSOLNOVO - VIA CIRCONVALLAZIONE,VIA CIRCONVALLAZIONE SN 27023 - CASSOLNOVO - PV | Prezzo: 0.699 € | Data: 27/09/2025 07:46:22
9.130249093254083,45.03145325320377,TAMOIL,"Strada Statale, Km. 35 KM 71+ 639 SNC, Casteggio - Pavia - 27045 - CASTEGGIO - PV | Prezzo: 0.639 € | Data: 29/09/2025 07:36:09"
9.105446836448658,45.14090582267384,CPP-CAVA MANARA,S.S.35-FRAZIONE TRE RE SN 27051 - CAVA MANARA - PV | Prezzo: 0.629 € | Data: 29/09/2025 07:46:17
8.76810908317566,45.19822540048651,Palma Giovanni,"Statale 211 della Lomellina, Km. 49.500, dir. Mortara - - - CERGNAGO - PV | Prezzo: 0.579 € | Data: 25/09/2025 17:24:58"
8.745762614976934,45.2956350180587,stazione di servizio e autolavaggio di odelli lucia,SP192 snc 27024 - CILAVEGNA - PV | Prezzo: 0.645 € | Data: 29/09/2025 06:13:35
8.746110,45.295674,STAZIONE DI SERVIZIO E AUTOLAVAGGIO DI ODELLI LUCIA,"VIA S.P. MORTARA/CASSOLNOVO, SNC 27024, CILAVEGNA (PV) SNC 27024 - CILAVEGNA - PV | Prezzo: 0.645 € | Data: 29/09/2025 06:13:24"
8.992524147033691,45.148815078905834,DORNO EST,"Autostrada A7 MILANO-SERRAVALLE, Km. 33.7, dir. Nord - 27020 - DORNO - PV | Prezzo: 0.772 € | Data: 25/09/2025 20:18:00"
8.990138322114944,45.147318365356135,DORNO OVEST,"A7 MILANO-SERRAVALLE, Km. 50.90, Genova - 27020 - DORNO - PV | Prezzo: 0.859 € | Data: 27/09/2025 14:29:31"
8.9978763,45.1672202,GROPELLO CAIROLI N.VARIANTE S.S.596 LATO SUD,N.VARIANTE S.S.596 LATO SUD  27027 - GROPELLO CAIROLI - PV | Prezzo: 0.629 € | Data: 27/09/2025 07:46:22
9.022782018554704,45.16384309252455,SHELL,"STATALE 596 KM 8+0,40 SNC  27027 - GROPELLO CAIROLI - PV | Prezzo: 0.629 € | Data: 24/09/2025 14:42:31"
9.387716629608121,45.19208432218213,CERUTTI SNC,STRADA PROVINCIALE EX 412 VALT S.N.  27010 - INVERNO E MONTELEONE - PV | Prezzo: 0.729 € | Data: 25/09/2025 10:34:32
9.256531298160553,45.32509212772356,VEGA LANDRIANO,S.P.412 NUOVA VAL TIDONE KM 8+782 LATO DX  27015 - LANDRIANO - PV | Prezzo: 0.669 € | Data: 28/09/2025 21:33:55
9.083426892757416,45.0380726748187,la rosa dei venti,s.p. bressana salice 55 27053 - LUNGAVILLA - PV | Prezzo: 0.629 € | Data: 28/09/2025 22:31:11
8.7780817,45.2738764,COIL MORTARA,"S.P. EX S.S. 494 KM 36+0,847, SNC  27036 - MORTARA - PV | Prezzo: 0.577 € | Data: 29/09/2025 07:20:13"
8.760951608419418,45.26387716727546,ESSO,VIA STRADA MILANESE 1700 27036 - MORTARA - PV | Prezzo: 0.599 € | Data: 29/09/2025 05:40:11
9.146732593917854,45.20849116803509,GIOVI,VIA PRIVATA CAMPEGGI 2 27100 - PAVIA - PV | Prezzo: 0.699 € | Data: 23/09/2025 08:53:07
9.208569475818713,45.18631968608942,IP PAVIA,"VIA S.P. TANGENZIALE EST - KM 1 + 090 SNC 27100, PAVIA (PV)  27100 - PAVIA - PV | Prezzo: 0.729 € | Data: 24/09/2025 14:41:19"
9.177491393382748,45.21921888089297,IP vigentina,"VIA S.P. 28 VIGENTINA, KM 1+100 SNC 27100, PAVIA (PV)  27100 - PAVIA - PV | Prezzo: 0.688 € | Data: 24/09/2025 14:39:11"
9.146433673942855,45.174674313891686,M.P.M. PETROLI SRL,GIULETTI 360 27100 - PAVIA - PV | Prezzo: 0.599 € | Data: 29/09/2025 06:46:10
9.145079734796923,45.17233116147943,Metano auto borgo ticino,GIULIETTI 441 27100 - PAVIA - PV | Prezzo: 0.609 € | Data: 22/09/2025 18:46:35
9.194373786449432,45.200954545800506,VEGA PAVIA,S.P. 69 DEGLI ONTANI KM 3+102 LATO SX  27100 - PAVIA - PV | Prezzo: 0.689 € | Data: 29/09/2025 08:17:33
9.010403752326965,44.95513972966661,CENTRO CALOR S.R.L.,STRADA PROV.LE 461 DEL PENICE KM.3+200  27055 - RIVANAZZANO TERME - PV | Prezzo: 0.649 € | Data: 26/09/2025 16:25:45
9.02594813491828,44.92493238547121,TAMOIL,VIA MARCONI 74 27055 - RIVANAZZANO TERME - PV | Prezzo: 0.639 € | Data: 29/09/2025 06:22:07
9.134480213413312,45.162752819059904,esso di san martino sicc,via turati  12 27028 - SAN MARTINO SICCOMARIO - PV | Prezzo: 0.609 € | Data: 24/09/2025 15:22:45
9.128844738006592,45.15770374811355,Q8,TURATI 31 27028 - SAN MARTINO SICCOMARIO - PV | Prezzo: 0.599 € | Data: 23/09/2025 12:01:32
9.087699655001133,45.15793603309509,Retitalia,"596 dei Cairoli, Km. 3+500, Carbonara al Ticino - 27028 - SAN MARTINO SICCOMARIO - PV | Prezzo: 0.629 € | Data: 24/09/2025 10:01:47"
8.899866,45.10168,2597  SANNAZZARO DE' BURGONDI,"VIA F.LLI ROSSELLI, N.  17   - SANNAZZARO DE' BURGONDI - PV | Prezzo: 0.681 € | Data: 29/09/2025 07:10:17"
9.209466576576233,45.22475209516756,Pan-Oil,CA' DE ZETTI SP 2 LOC. 2 PORTE SNC 27016 - SANT'ALESSIO CON VIALONE - PV | Prezzo: 0.689 € | Data: 27/09/2025 10:38:00
9.398471117019653,45.15989468138153,Stazione Tamoil Santa Cristina 2539,"Statale 234 Codognese, Km. 20, dir. Pavia - 27010 - SANTA CRISTINA E BISSONE - PV | Prezzo: 0.679 € | Data: 29/09/2025 06:36:03"
9.206323698163033,45.31371970155877,ENI ( AGIP),Strada Provinciale Vigentina Km 12+469  27010 - SIZIANO - PV | Prezzo: 0.669 € | Data: 29/09/2025 07:17:34
9.206264019012531,45.32520716241287,Stazione IP,40 BINASCO MELEGNANO 6 27010 - SIZIANO - PV | Prezzo: 0.649 € | Data: 29/09/2025 07:08:35
9.351859018206596,45.116218054961635,TAMOIL 3875 ,S.P.199 KM. 2+270 S.N.C. 27010 - SPESSA - PV | Prezzo: 0.699 € | Data: 29/09/2025 07:40:50
9.303132121972794,45.06030235916558,gabriele cassi,VIA REPUBBLICA 88 27049 - STRADELLA - PV | Prezzo: 0.689 € | Data: 25/09/2025 08:06:29
9.277524012484907,45.07546541536235,KEROPETROL SPA STRADELLA,"BIVIO MADONNINA SNC 27049, STRADELLA (PV) SNC 27049 - STRADELLA - PV | Prezzo: 0.689 € | Data: 29/09/2025 06:43:36"
9.315570741891861,45.08366300263686,STRADELLA NORD,"Autostrada A21 TORINO-PIACENZA, Km. 130.222, dir. Ovest - 27049 - STRADELLA - PV | Prezzo: 0.799 € | Data: 29/09/2025 00:17:39"
9.318460822105408,45.08284826823672,STRADELLA SUD,"Autostrada A21 TORINO-PIACENZA, Km. 130.222, dir. Est - - - STRADELLA - PV | Prezzo: 0.969 € | Data: 22/09/2025 19:39:27"
9.314316809177399,45.073069791772134,VEGA STRADELLA,VIA EMILIA 36 27049 - STRADELLA - PV | Prezzo: 0.689 € | Data: 29/09/2025 08:17:38
8.874431848526001,45.30655265033599,tamoil,VIALE INDUSTRIA 50 27029 - VIGEVANO - PV | Prezzo: 0.669 € | Data: 29/09/2025 08:28:13
8.874182552093506,45.30103926313473,VIGEVANO PETROLI,CORSO PAVIA 95 27029 - VIGEVANO - PV | Prezzo: 0.579 € | Data: 16/09/2025 15:38:14
9.069427379664603,45.00064852942217,Distributore GPL di Moro Paolo,STRADA BRESSANA-SALICE KM 11  27058 - VOGHERA - PV | Prezzo: 0.629 € | Data: 27/09/2025 10:18:21
8.996347691799429,45.00970219112219,EUROPAM VOGHERA,VIA PARRI  2 27100 - VOGHERA - PV | Prezzo: 0.627 € | Data: 24/09/2025 11:53:16
8.989019812828019,44.99494550020104,IP,VIA LOMELLINA 38 27058 - VOGHERA - PV | Prezzo: 0.629 € | Data: 29/09/2025 08:10:29
9.1270132,45.3966305,Retitalia,PIACENZA 67 27058 - VOGHERA - PV | Prezzo: 0.639 € | Data: 06/08/2025 16:02:41
7.4605536460876465,44.911486750103315,IP - Airasca,"S.S. 23 del Sestriere Km 26+0,93   - AIRASCA - TO | Prezzo: 0.689 € | Data: 23/09/2025 14:32:25"
7.921724617481232,45.44472620074555,ITALIANA PETROLI,STRADA PROVINCIALE IVREA/CIGLIANO  KM 5 10010 - ALBIANO D'IVREA - TO | Prezzo: 0.689 € | Data: 23/09/2025 14:41:52
7.504647,45.1047,52952  ALPIGNANO,S.S.  24 KM.16+760   - ALPIGNANO - TO | Prezzo: 0.674 € | Data: 29/09/2025 07:08:44
7.505966126918793,45.11918184652125,DISTRIBUTORE CARBURANTE,VAL DELLA TORRE 210 10091 - ALPIGNANO - TO | Prezzo: 0.668 € | Data: 24/09/2025 14:41:26
7.7331647,45.3800978,KEROTRIS ,P. EX SS 565 KM 14+47 SN 10010 - BAIRO - TO | Prezzo: 0.619 € | Data: 29/09/2025 06:56:26
7.582148999999999,45.0215757,,"RACCORDO DROSSO-ORBASSANO KM.1,905 *, 10092 - - - BEINASCO - TO | Prezzo: 0.699 € | Data: 29/09/2025 00:22:05"
7.581468819018551,45.01229802192051,BEINASCO NORD,"A55 TANG.LE DI TORINO-Dir. Pinerolo, Km. 2,670 , Pinerolo - 10092 - BEINASCO - TO | Prezzo: 0.799 € | Data: 27/09/2025 11:20:26"
7.59176658,45.0303043,SOCOGAS RETE BEINASCO PV 210180,"VIA SAN FELICE 42 10092, BEINASCO (TO) 40  10092 - BEINASCO - TO | Prezzo: 0.635 € | Data: 29/09/2025 00:09:07"
7.958162426948547,45.46559371465181,viotto VIOTTO,"Statale 228 del Lago di Viverone, Km. 7+100, dir. Viverone - 10012 - BOLLENGO - TO | Prezzo: 0.679 € | Data: 27/09/2025 08:09:23"
7.67751,45.14626,ESSO SANTA CRISTINA,11 DEL VILLARETTO AL KM 3+979 10071 - BORGARO TORINESE - TO | Prezzo: 0.668 € | Data: 29/09/2025 07:32:19
7.98198799292707,45.36901265951655,Economy-Borgomasino,"Strada Statale Km. 15+370, dir. Cigliano-Ivrea  10031 - BORGOMASINO - TO | Prezzo: 0.649 € | Data: 25/09/2025 10:00:31"
7.74462103843689,45.28087172032888,Beyfin di Capuano Monica,STRADA NAZIONALE 21 10080 - BOSCONERO - TO | Prezzo: 0.649 € | Data: 29/09/2025 07:00:27
7.318063974380493,44.83040987905618,CENTRO CALOR BRICHERASIO,"S.P. 161 DIR KM.2,300  10060 - BRICHERASIO - TO | Prezzo: 0.659 € | Data: 24/09/2025 08:41:16"
7.175960540771484,45.13694774029446,SOCOGAS Bruzolo Vair Manuela,null SS. NR. 25 KM. 40 + 972 - 10050 - BRUZOLO - TO | Prezzo: 0.699 € | Data: 23/09/2025 08:32:35
7.407947480678558,44.87166667088725,Area di Servizio Tamoil di ElettroTec Rossetti Roberto,VIA CIRCONVALLAZIONE SN 10060 - BURIASCO - TO | Prezzo: 0.659 € | Data: 29/09/2025 06:46:09
7.659763991832733,45.321891806740595,eni f.lli baima s.a.s. di Baima Besquet Ivano & C.,STEFANO BRUDA S.N.C. 10080 - BUSANO - TO | Prezzo: 0.599 € | Data: 29/09/2025 07:14:14
7.785987073071281,44.98309677167944,Gas Station Cambiano,"VIA S.P. CAMBIANO/CHIERI KM.16+073 S.N. 10020, CAMBIANO (TO) 197 10020 - CAMBIANO - TO | Prezzo: 0.679 € | Data: 26/09/2025 10:53:20"
7.570121884346008,44.96629050944528,socogas,STRADA PER ORBASSANO KM. 6+470  10060 - CANDIOLO - TO | Prezzo: 0.679 € | Data: 29/09/2025 06:17:28
7.6511599533729395,44.90403034858639,EUROPAM - CARIGNANO,SP 142 PER ORBASSANO  10041 - CARIGNANO - TO | Prezzo: 0.677 € | Data: 26/09/2025 11:23:42
7.672604,44.890754,PV SOCOGAS RETE CARIGNANO,S.P. 142 KM 17+810  10041 - CARIGNANO - TO | Prezzo: 0.635 € | Data: 29/09/2025 08:26:12
7.7320696413517,44.845411826489986,CARMAGNOLA,C/O CC BENNET SN 10022 - CARMAGNOLA - TO | Prezzo: 0.679 € | Data: 27/09/2025 01:08:12
7.730930250279089,44.838993671259296,IP,VIA SOMMARIVA 120 10022 - CARMAGNOLA - TO | Prezzo: 0.709 € | Data: 29/09/2025 08:12:47
7.7829281,44.5605199,RIO DEI COCCHI OVEST,"Autostrada A6 TORINO-SAVONA,  Km. 10.826, dir. SUD 10022 - CARMAGNOLA - TO | Prezzo: 0.799 € | Data: 25/09/2025 08:56:03"
7.742102097360544,44.849681935895156,tamoil,STATALE 129 VIA POIRINO 90/92 10022 - CARMAGNOLA - TO | Prezzo: 0.688 € | Data: 27/09/2025 18:32:49
7.67755722990727,45.18185232242998,CASELLE TORINESE,S.P.10   10072 - CASELLE TORINESE - TO | Prezzo: 0.668 € | Data: 26/09/2025 13:53:40
7.653812565641374,45.16870594550772,CASELLE TORINESE - C/O CC BENNET.,C/O CC BENNET SN 10072 - CASELLE TORINESE - TO | Prezzo: 0.668 € | Data: 27/09/2025 01:08:13
7.709183692932129,45.156758049922594,IP,s.p. 267 km 10+400 fraz mappano  snc 10072 - CASELLE TORINESE - TO | Prezzo: 0.669 € | Data: 26/09/2025 09:29:32
7.559255585074425,44.90402935332706,distributore carburante agip caffetteria irene,CIRCONVALLAZIONE 2 10060 - CASTAGNOLE PIEMONTE - TO | Prezzo: 0.679 € | Data: 29/09/2025 07:30:10
7.727548778057098,45.36211519463175,CASTELLAMONTE,S.P. 222 CASTELLAMONTE  10081 - CASTELLAMONTE - TO | Prezzo: 0.599 € | Data: 27/09/2025 08:23:29
7.734096285009753,45.35660734778953,DISCAR CASTELLAMONTE,PROVINCIALE 222 KM18+951 10081 - CASTELLAMONTE - TO | Prezzo: 0.598 € | Data: 29/09/2025 07:08:26
7.36736297005943,44.78631073668845,3344,COTTOLENGO 7 10061 - CAVOUR - TO | Prezzo: 0.649 € | Data: 28/09/2025 12:02:06
7.387682420317088,44.77519007346862,DISCAR CAVOUR,SALUZZO - EX S.S. 589 80/A 10061 - CAVOUR - TO | Prezzo: 0.659 € | Data: 29/09/2025 07:02:31
7.37307071685791,44.80635441309408,ENI 535 CAVOUR DI DESANTIS R.,S.R.589 KM.41+765 SN 10061 - CAVOUR - TO | Prezzo: 0.689 € | Data: 29/09/2025 07:20:15
7.850036546587944,44.99864307358107,CENTRO CALOR Olicarb CHIERI,"Statale 10 Padana Inferiore, Km. 18 + 734, dir. Riva - 10023 - CHIERI - TO | Prezzo: 0.689 € | Data: 26/09/2025 16:22:45"
7.857025131561386,44.9958342985681,Q8 CHIERI,"10 Padana Inferiore, Km. 19311, CHIERI - 10023 - CHIERI - TO | Prezzo: 0.689 € | Data: 29/09/2025 07:17:38"
7.83903604621488,44.978078406720414,Tamoil Chieri - KM 5+843 SNC Economy,KM 5+843 SNC  10023 - CHIERI - TO | Prezzo: 0.739 € | Data: 26/09/2025 12:27:44
7.33611524105072,45.10496279997306,SOCOGAS Chiusa San Michele ,"Statale 25 del Moncenisio, Km. 29+065, dir. Torino - 10050 - CHIUSA DI SAN MICHELE - TO | Prezzo: 0.679 € | Data: 25/09/2025 11:07:04"
7.920850217342377,45.19518689880087,BRIXIA FINANZIARIA,VIA NUOVA S.N. 10034 - CHIVASSO - TO | Prezzo: 0.679 € | Data: 11/09/2025 09:18:54
7.9212599247694016,45.19667989773971,CENTRO CALOR OLICARB CHIVASSO,STRADALE MILANO SNC 10034 - CHIVASSO - TO | Prezzo: 0.649 € | Data: 26/09/2025 16:19:46
7.891059156561266,45.241489539951054,DISCAR CHIVASSO,"VIA FRAZIONE MOSCHE - VIA STATALE EX S.S.26-KM 5+943 135 10034, CHIVASSO (TO) 135 10034 - CHIVASSO - TO | Prezzo: 0.625 € | Data: 29/09/2025 06:44:15"
7.880959242579593,45.18996027494881,ESSO CHIVASSO,STRADALE TORINO KM21+545 10034 - CHIVASSO - TO | Prezzo: 0.689 € | Data: 29/09/2025 07:17:32
7.920807,45.195200,POMPA BIANCA CHIVASSO VIA NUOVA,Via Nuova  SN 10034 - CHIVASSO - TO | Prezzo: 0.669 € | Data: 29/09/2025 07:12:32
7.588451546594169,45.23344263213594,EPINOT CARBURANTI ,CORSO GENERALE CARLO ALBERTO DALLA CHIESA  75 10073 - CIRIÈ - TO | Prezzo: 0.684 € | Data: 26/09/2025 13:02:13
7.6113393902778625,45.216669909432255,galda ,strada provinciale  to-lanzo km18+770  10073 - CIRIÈ - TO | Prezzo: 0.697 € | Data: 25/09/2025 14:29:17
7.608903933471276,45.09873395765035,B.B. PETROLI,Via Torino-Pianezza 22 - Strada Provinciale n. 24 del Monginevro Km. 7 + 879   - COLLEGNO - TO | Prezzo: 0.689 € | Data: 27/09/2025 11:54:33
7.593309140490749,45.097098354744936,ESSO COLLEGNO,Via Torino Pianezza 90 10093 - COLLEGNO - TO | Prezzo: 0.679 € | Data: 26/09/2025 09:36:52
7.593309140490749,45.097098354744936,ESSO COLLEGNO,Via Torino Pianezza 90 10093 - COLLEGNO - TO | Prezzo: 0.679 € | Data: 26/09/2025 09:36:52
7.597465664148331,45.07943711892751,SOGOGAS,via Terracini 43 10093 - COLLEGNO - TO | Prezzo: 0.649 € | Data: 29/09/2025 06:44:12
7.826479375362396,45.436691344239414,Petroltermica Colleretto,SSP 565 KM 2+993  10010 - COLLERETTO GIACOSA - TO | Prezzo: 0.599 € | Data: 26/09/2025 07:17:23
7.38430917263031,44.974648804031965,IP,VIA PROVINCIALE 97 10040 - CUMIANA - TO | Prezzo: 0.709 € | Data: 22/09/2025 09:40:55
7.658865451812744,45.39985118837777,AGIP/ENI 00515 GAS PETROL SERVICE,PROVINCIALE EX S.S. 460 SNC 10082 - CUORGNÈ - TO | Prezzo: 0.599 € | Data: 29/09/2025 07:20:16
7.598684669380987,45.12217330018168,DRUENTO S.P. TO/DRUENTO KM 10+400,S.P. TO/DRUENTO KM 10+400  10040 - DRUENTO - TO | Prezzo: 0.669 € | Data: 29/09/2025 01:05:10
7.59068631218109,45.12511187301817,MOTORGAS SRL DISTRIBUTORE COSTANTIN,"VIA GALILEO FERRARIS 2 10040, DRUENTO (TO) 2 10040 - DRUENTO - TO | Prezzo: 0.669 € | Data: 29/09/2025 06:58:03"
7.586854845285416,45.13065020682192,Petroltermica Druento,CORSO FLEMING 35 10040 - DRUENTO - TO | Prezzo: 0.669 € | Data: 26/09/2025 07:17:11
7.537669837474823,45.21897004575188,autolavaggio g.m di vazzana fabrizio snc,VIA LANZO 3 10070 - FIANO - TO | Prezzo: 0.689 € | Data: 26/09/2025 12:37:53
7.369494502884827,44.92942034019547,frossasco,"589 dei Laghi di Avigliana, Km. 25 +319, nord - 10060 - FROSSASCO - TO | Prezzo: 0.669 € | Data: 25/09/2025 07:08:25"
7.36367292702198,45.0489628735002,GIAVENO - SP 190 VIA AVIGLIANA,ST.DA PROV.LE 190-VIA AVIGLIANA SN 10094 - GIAVENO - TO | Prezzo: 0.659 € | Data: 27/09/2025 07:45:54
7.590721249580383,45.056731980853215,DISTRIBUTORE COSTANTIN LA LAMBRETTA DI Maria Cappelluti  ,DEL GERBIDO 25 10095 - GRUGLIASCO - TO | Prezzo: 0.639 € | Data: 29/09/2025 08:00:42
7.601460814476013,45.06416035294209,Grugliasco Corso Torino,c.so Torino 170 10095 - GRUGLIASCO - TO | Prezzo: 0.639 € | Data: 28/09/2025 09:03:44
7.596683055387621,45.053580269690045,Socogas,Via Del Gerbido 64 10095 - GRUGLIASCO - TO | Prezzo: 0.639 € | Data: 26/09/2025 11:29:21
7.6036653,45.0489927,SOCOGAS RETE  GRUGLIASCO GERBIDO 115 PV 210096,Str. del Gerbido 115  10095 - GRUGLIASCO - TO | Prezzo: 0.639 € | Data: 29/09/2025 07:54:05
7.865856885910034,45.476917753887456,Vargas S.r.l. - Ivrea,"26 della Valle d'Aosta, Km. 34, Aosta - 10015 - IVREA - TO | Prezzo: 0.679 € | Data: 29/09/2025 07:50:14"
7.741776555776596,45.249660230268965,G.A.D. Lombardore,"VIA S.S. 460  KM.21+315 S.N. 10040, LOMBARDORE (TO) 32 10040 - LOMBARDORE - TO | Prezzo: 0.649 € | Data: 25/09/2025 08:35:49"
7.627714961628499,44.83398143778674,LOMBRIASCO - S.S.663,"S.S. 663 KM. 8,075  10040 - LOMBRIASCO - TO | Prezzo: 0.689 € | Data: 28/09/2025 09:01:13"
7.267588843961651,44.81175270516316,IP,I   MAGGIO 256 10062 - LUSERNA SAN GIOVANNI - TO | Prezzo: 0.69 € | Data: 23/09/2025 16:44:40
7.920198900000001,45.04761329999999,autoservizi chieresi,SP119   - MOMBELLO DI TORINO - TO | Prezzo: 0.629 € | Data: 29/09/2025 07:25:35
7.67557158757743,45.005548651891374,AUTOGAS NORD SPA,Str. Vallere 202 10024 - MONCALIERI - TO | Prezzo: 0.669 € | Data: 27/09/2025 18:29:45
7.720391666666666,44.945543666666666,DISCAR - GIEMME DI MITTICA GIOVANNI MONCALIERI,STATALE 393 7 + 377 10024 - MONCALIERI - TO | Prezzo: 0.669 € | Data: 28/09/2025 08:00:06
7.707066974804661,44.982600448192905,DISCAR LE PORTE ,"VIA VIA MADRE TERESA DI CALCUTTA SN 10024, MONCALIERI (TO) SNC 10024 - MONCALIERI - TO | Prezzo: 0.675 € | Data: 29/09/2025 07:26:21"
7.670100487102527,44.976985802882695,ESSO,STRADA CARIGNANO 74 10024 - MONCALIERI - TO | Prezzo: 0.679 € | Data: 26/09/2025 08:32:01
7.670100487102527,44.976985802882695,ESSO,STRADA CARIGNANO 74 10024 - MONCALIERI - TO | Prezzo: 0.679 € | Data: 26/09/2025 08:32:01
7.671100348234177,44.98285524503359,kuwait,"Statale 20 del Colle di Tenda e di Valle Roja, Km. 2.200, dir. torino - 10024 - MONCALIERI - TO | Prezzo: 0.669 € | Data: 26/09/2025 16:13:34"
7.703556418418884,44.979142541855346,MONCALIERI - SS 393 KM3 300,SS 393 KM 3+300 300 10024 - MONCALIERI - TO | Prezzo: 0.679 € | Data: 27/09/2025 07:45:54
7.668413766270419,45.01515344822422,"MONCALIERI CORSO TRIESTE, 93",CORSO TRIESTE 93 10024 - MONCALIERI - TO | Prezzo: 0.669 € | Data: 26/09/2025 07:08:28
7.632060755775456,44.98279587303752,DISCAR NICHELINO,"VIA VIA TORINO ANGOLO VIA VERNEA SN 10042, NICHELINO (TO) SN 10042 - NICHELINO - TO | Prezzo: 0.655 € | Data: 29/09/2025 06:58:22"
7.635887743014109,44.985835624575486,Eni - SOCOGAS,TORINO 275 10042 - NICHELINO - TO | Prezzo: 0.655 € | Data: 29/09/2025 08:02:28
7.630820274353027,44.99809038619962,IP NICHELINO - CARULLO SNC,DEBOUCHE' 50 10042 - NICHELINO - TO | Prezzo: 0.689 € | Data: 29/09/2025 07:03:07
7.620159115793044,44.985437827977414,KEROTRIS - MONDOJUVE,VIA DEBOUCHE' SN 10042 - NICHELINO - TO | Prezzo: 0.658 € | Data: 26/09/2025 20:40:21
7.528499,44.930004,918 NONE,S.S. 23 AL   KM.20+500   - NONE - TO | Prezzo: 0.704 € | Data: 29/09/2025 07:56:05
7.536272406578064,44.99564742136827,ESSO,. NUOVA CIRCONVALLAZIONE 15+790 SNC 10043 - ORBASSANO - TO | Prezzo: 0.679 € | Data: 24/09/2025 15:20:54
7.536272406578064,44.99564742136827,ESSO,. NUOVA CIRCONVALLAZIONE 15+790 SNC 10043 - ORBASSANO - TO | Prezzo: 0.679 € | Data: 24/09/2025 15:20:54
7.522063,45.014185,Orbassano,SP143 KM 5.665 DIR. SUD-OVEST   - ORBASSANO - TO | Prezzo: 0.679 € | Data: 29/09/2025 06:15:00
7.5290480158691935,44.996175979190056,ORBASSANO-SP TO PINEROLO KM16 391,SP. TORINO PINEROLO KM. 16+391 391 10043 - ORBASSANO - TO | Prezzo: 0.679 € | Data: 27/09/2025 07:45:54
7.5733,44.99688,retitalia,Str. Stupinigi 115 10043 - ORBASSANO - TO | Prezzo: 0.655 € | Data: 26/09/2025 08:13:02
7.548620700836177,44.996852615809956,SOCOGAS Orbassano,"S.P. 6 Torino - Piossasco,  km. 14+835 10043 - ORBASSANO - TO | Prezzo: 0.655 € | Data: 29/09/2025 07:26:19"
7.548620700836177,44.996852615809956,SOCOGAS Orbassano,"S.P. 6 Torino - Piossasco,  km. 14+835 10043 - ORBASSANO - TO | Prezzo: 0.655 € | Data: 29/09/2025 07:26:19"
7.336262573016348,44.85447149269771,LCO - OSASCO,Via Pinerolo  21 10060 - OSASCO - TO | Prezzo: 0.659 € | Data: 26/09/2025 19:07:06
7.33737,44.84978,PV 0123 Osasco,S.R. 589 KM 0+245 VAR.OSASCO SN 10060 - OSASCO - TO | Prezzo: 0.669 € | Data: 29/09/2025 07:44:14
7.7648393902129555,45.34331777529063,EASY SERVICE S.R.L. / OZEGNA,S.P. FELETTO AGLIE' KM 5+668  10080 - OZEGNA - TO | Prezzo: 0.598 € | Data: 29/09/2025 07:58:18
7.56183385848999,45.11204418338163,Pianezza,SP 24 KM 2+265  10044 - PIANEZZA - TO | Prezzo: 0.669 € | Data: 28/09/2025 09:04:06
7.37415,44.89079,COSTANTIN,Corso Torino 420 10064 - PINEROLO - TO | Prezzo: 0.659 € | Data: 26/09/2025 08:42:18
7.37415,44.89079,COSTANTIN,Corso Torino 420 10064 - PINEROLO - TO | Prezzo: 0.659 € | Data: 26/09/2025 08:42:18
7.353286459771766,44.88528754864372,Enercoop Pinerolo,CORSO COSTITUZIONE 9 10064 - PINEROLO - TO | Prezzo: 0.655 € | Data: 28/09/2025 18:46:27
7.38589472879222,44.88963994732733,Q8,SR 23 KM 32+540  10064 - PINEROLO - TO | Prezzo: 0.655 € | Data: 25/09/2025 09:36:08
7.616615295410156,44.93354448535791,VTG,VIA XXV APRILE  25 10040 - PIOBESI TORINESE - TO | Prezzo: 0.655 € | Data: 26/09/2025 07:02:02
7.485426635581916,44.98084527610012,EASY SERVICE S.R.L. / PIOSSASCO,S.P. 6 PINEROLO KM 20+381  10045 - PIOSSASCO - TO | Prezzo: 0.689 € | Data: 29/09/2025 00:24:53
7.47066858258667,44.982433375998745,PIOSSASCO,S.P. 141KM 0+860 S.N.   - PIOSSASCO - TO | Prezzo: 0.697 € | Data: 28/09/2025 11:05:18
7.43116,44.90725,PISCINA SUD,"Autostrada A55 TANG.LE DI TORINO-Dir. Pinerolo,  Km. 21,684, dir. Torino 10060 - PISCINA - TO | Prezzo: 0.779 € | Data: 24/09/2025 09:57:35"
7.429397,44.907402,PISCINA SUD,"Autostrada A55 TANG.LE DI TORINO-Dir. Pinerolo,  Km. 21.5, dir. Sud 10060 - PISCINA - TO | Prezzo: 0.699 € | Data: 29/09/2025 00:16:52"
7.864062488079071,44.92211879859993,Economy S.r.l-Poirino 2,"EX S.S. 29 ORA S.R. KM 2+331,5 SNC 10046 - POIRINO - TO | Prezzo: 0.689 € | Data: 27/09/2025 19:00:59"
7.855048151267874,44.905236248739044,POIRINO,S.P.29  10046 - POIRINO - TO | Prezzo: 0.689 € | Data: 27/09/2025 08:22:31
7.27774091,44.8865600,ECONOMY S.R.L. - PORTE,Via Nazionale 42  10060 - PORTE - TO | Prezzo: 0.639 € | Data: 27/09/2025 15:00:58
7.870444399999999,44.984796,IP,S.S. 10 KM.20+270 SN 10020 - RIVA PRESSO CHIERI - TO | Prezzo: 0.699 € | Data: 23/09/2025 07:18:09
7.549543976783752,45.02097787834653,ACLA," ""Variante del Dojrone S.P. 6 ORBASSANO SITO KM 1+212 SNC 10040 - RIVALTA DI TORINO - TO | Prezzo: 0.658 € | Data: 25/09/2025 18:41:23"
7.730882382278423,45.31691861311568,DAN-GAS,VIA CERESETTA 9 10086 - RIVAROLO CANAVESE - TO | Prezzo: 0.604 € | Data: 26/09/2025 19:31:02
7.483043968677521,45.086147283637565,CATANIA ANTONINO,CORSO SUSA 400 10098 - RIVOLI - TO | Prezzo: 0.669 € | Data: 26/09/2025 12:58:53
7.563905864953995,45.04660489294732,CENTRO CALOR OLICARB RIVOLI,STRADA PROVINCIALE 175 KM 3 + 937  10098 - RIVOLI - TO | Prezzo: 0.649 € | Data: 24/09/2025 08:25:15
7.563552010224839,45.04734257894287,RIVOLI - SP 175 DEL DOJRONE KM 4,SP 175 DEL DOJRONE KM 4  10098 - RIVOLI - TO | Prezzo: 0.649 € | Data: 27/09/2025 01:08:10
7.563539743423462,45.05610216937418,SOCOGAS,CORSO ALLAMANO 195 10098 - RIVOLI - TO | Prezzo: 0.655 € | Data: 29/09/2025 08:12:58
7.543290901245655,45.2140289446472,Costantin,VIA LANZO 61 10070 - ROBASSOMERO - TO | Prezzo: 0.689 € | Data: 25/09/2025 08:56:34
7.862624153494835,45.38638625024504,CENTRO CALOR OLICARB ROMANO C.SE,VIALE MARCONI 4 10090 - ROMANO CANAVESE - TO | Prezzo: 0.599 € | Data: 26/09/2025 16:21:46
7.973709933136429,45.24183387772262,SAN ROCCO SUD,"A4 TORINO-MILANO, Km. 24, Milano - 10030 - RONDISSONE - TO | Prezzo: 0.749 € | Data: 24/09/2025 16:47:22"
7.848085887988296,45.44570193499552,IP SNACK BAR,SS565 1  10010 - SAMONE - TO | Prezzo: 0.679 € | Data: 26/09/2025 07:53:59
7.782922983169556,45.21758362678489,Edorado,PROVINCIALE 40 KM 9+0.1 10080 - SAN BENIGNO CANAVESE - TO | Prezzo: 0.699 € | Data: 29/09/2025 06:46:30
7.241301164031029,44.91713626203738,Kerotris - San Germano,Strada Regionale 29 del sestriere km 1+560  10065 - SAN GERMANO CHISONE - TO | Prezzo: 0.678 € | Data: 26/09/2025 11:18:08
7.626894000123,45.194659000123,Economy - Ceretta,VIA TORINO SP N.2 KM 16+102 SNC 10077 - SAN MAURIZIO CANAVESE - TO | Prezzo: 0.684 € | Data: 29/09/2025 07:03:20
7.7856768,44.9478656,TAMOIL,TORINO 96 10077 - SAN MAURIZIO CANAVESE - TO | Prezzo: 0.677 € | Data: 26/09/2025 09:18:30
7.8065905683288594,44.9468640601409,"STAZIONE DI SERVIZIO IP , SANTENA",Via Asti 110  10026 - SANTENA - TO | Prezzo: 0.689 € | Data: 26/09/2025 18:15:37
7.84822940826416,45.40805737483786,SCARMAGNO EST,"Autostrada A5 QUINCINETTO-TORINO,  Km. 35.12, dir. Nord - 10010 - SCARMAGNO - TO | Prezzo: 0.877 € | Data: 27/09/2025 09:29:40"
8.012584447860718,45.40858538015165,VIVERONE NORD,"Autostrada A4/A5 IVREA-SANTHIA', Km. 7, dir. SANTHIA' - 10010 - SETTIMO ROTTARO - TO | Prezzo: 0.899 € | Data: 29/09/2025 08:02:54"
8.01280585321365,45.40735796999486,VIVERONE SUD,"Autostrada A4/A5 IVREA-SANTHIA', Km. 13, dir. SANTHIA' - - - SETTIMO ROTTARO - TO | Prezzo: 0.999 € | Data: 29/09/2025 08:02:19"
7.767321635583357,45.12436998615295,Area di servizio Getoil di Fabbricatore Fabio,"STRADA REGIONALE 11 KM 9,850  10036 - SETTIMO TORINESE - TO | Prezzo: 0.685 € | Data: 28/09/2025 14:00:11"
7.752169,45.156874,SETTIMO TORINESE,SP3 CEBROSA KM3+900  10036 - SETTIMO TORINESE - TO | Prezzo: 0.669 € | Data: 29/09/2025 05:10:01
7.761720565884405,45.14694714132737,SETTIMO TORINESE,CORSO PIEMONTE SN 10036 - SETTIMO TORINESE - TO | Prezzo: 0.659 € | Data: 28/09/2025 12:49:19
7.73553032565917,45.13493910292275,SETTIMO TORINESE SUD,"Autostrada A4 TORINO-MILANO, Km. 3,050, dir. MILANO - 10036 - SETTIMO TORINESE - TO | Prezzo: 0.88 € | Data: 29/09/2025 00:16:52"
7.7399325,45.1447675,SETTIMO TORINESE VIA NICOLO' PAGANINI,VIA NICOLO' PAGANINI  10036 - SETTIMO TORINESE - TO | Prezzo: 0.679 € | Data: 27/09/2025 01:08:09
7.768429280922135,45.1243195024169,V.S.V. S.A.S. DI CALANDRA SIMONE E C.,"Statale 11 Padana Superiore, Km. 9 + 936, dir. chivasso  10036 - SETTIMO TORINESE - TO | Prezzo: 0.679 € | Data: 29/09/2025 07:30:37"
7.843243328681183,45.533222773345756,DALLE SETTIMO VITTONE,FRAZIONE MONTESTRUTTO SNC 10010 - SETTIMO VITTONE - TO | Prezzo: 0.649 € | Data: 23/09/2025 08:51:57
7.8826528787612915,45.407655906446394,NI006685 STRAMBINO,S.S. 26 km. 25+880  10019 - STRAMBINO - TO | Prezzo: 0.629 € | Data: 29/09/2025 00:08:34
7.091783906745945,45.13802648847826,SUSA - SAN GIULIANO,"SUSA - fraz SAN GIULIANO - S.S. 25 KM. 49,469  10059 - SUSA - TO | Prezzo: 0.739 € | Data: 28/09/2025 09:01:30"
7.645598914258812,45.1093311479552,106393 TORINO ALTESSANO,DI ALTESSANO 138 10151 - TORINO - TO | Prezzo: 0.649 € | Data: 26/09/2025 13:04:03
7.88538,45.30867,544 Caluso,Via Piave  10014 - TORINO - TO | Prezzo: 0.614 € | Data: 29/09/2025 07:44:25
7.730023451149464,45.08102425895669,BEYFIN,CORSO CASALE 329/A 10132 - TORINO - TO | Prezzo: 0.689 € | Data: 27/09/2025 06:01:51
7.697324374204982,45.109978333396995,Bomba S.r.l. ,CORSO VERCELLI 293 10155 - TORINO - TO | Prezzo: 0.649 € | Data: 26/09/2025 14:41:40
7.7288684248924255,45.10919814378911,Economy-To str Sett. 210,STRADA SETTIMO 210/A 10156 - TORINO - TO | Prezzo: 0.648 € | Data: 26/09/2025 10:45:42
7.613047957420349,45.01623277868544,sima s.a.s.,STRADA DEL DROSSO 101/A 10135 - TORINO - TO | Prezzo: 0.649 € | Data: 29/09/2025 07:48:18
7.703820,45.101903,SPEM,SANDRO BOTTICCELLI 71 10154 - TORINO - TO | Prezzo: 0.699 € | Data: 29/09/2025 06:27:01
7.702447990213045,45.10465583539482,TORINO C.SO GIULIO CESARE 276,C.SO GIULIO CESARE 276 10154 - TORINO - TO | Prezzo: 0.649 € | Data: 27/09/2025 07:45:51
7.623424495106519,45.035574354305474,TORINO C.SO TAZZOLI / C.SO ORBASSANO,C.SO TAZZOLI / C.SO ORBASSANO  10137 - TORINO - TO | Prezzo: 0.649 € | Data: 27/09/2025 01:08:12
7.620992475463093,45.09912497394853,TORINO VIA PIANEZZA 385,VIA PIANEZZA 385 10151 - TORINO - TO | Prezzo: 0.679 € | Data: 27/09/2025 07:45:52
7.739495764804133,44.976106761749534,AR.IT.CO. srl,CUNEO 8 10028 - TROFARELLO - TO | Prezzo: 0.67 € | Data: 25/09/2025 11:49:54
7.73536823585788,44.96711558575995,TROFARELLO ,STRADA PROVINCIALE EX SS29 COLLE DI CADIBONA SNC 10028 - TROFARELLO - TO | Prezzo: 0.669 € | Data: 28/09/2025 15:00:10
7.488698735833168,45.13203174257948,Val della Torre Torino,VIA ALPIGNANO 130 10040 - VAL DELLA TORRE - TO | Prezzo: 0.679 € | Data: 28/09/2025 09:03:44
7.657961547374725,45.35706692373985,Olicarb VALPERGA,"s.p. 13 loc. Rolandi, Front  10087 - VALPERGA - TO | Prezzo: 0.599 € | Data: 26/09/2025 16:19:46"
7.680261433124542,45.36781011966834,Petroltermica Valperga,LOCALITA' QUASSASCO 7/BIS 10087 - VALPERGA - TO | Prezzo: 0.599 € | Data: 26/09/2025 07:17:37
7.643968462944031,45.12084187352116,GIODA AGOSTINO SRL -G.P.L.,CORSO GARIBALDI  153 10078 - VENARIA REALE - TO | Prezzo: 0.645 € | Data: 27/09/2025 10:54:55
7.94773668050766,45.226177443967195,VEROLENGO,S.P. 11 FRAZIONE CASABIANCA  10038 - VEROLENGO - TO | Prezzo: 0.659 € | Data: 27/09/2025 08:22:25
7.507132559576095,44.84744991457204,VIGONE,S.P.139 PER VILLAFRANCA  10067 - VIGONE - TO | Prezzo: 0.699 € | Data: 27/09/2025 08:26:22
7.490401268005371,44.77630533506613,CENTRO CALOR VILLAFRANCA,"S.P.139 KM.2,763 SNC 10068 - VILLAFRANCA PIEMONTE - TO | Prezzo: 0.669 € | Data: 27/09/2025 01:05:50"
7.166996598243713,44.806821409238545,TAMOIL,SP 161 DELLA VAL PELLICE KM18 SN 10060 - VILLAR PELLICE - TO | Prezzo: 0.699 € | Data: 23/09/2025 18:30:09
7.986746728420258,45.2802934524368,CENTRO CALOR VILLAREGGIA,"STRADA PROV.LE 11 PADANA SUP. KM.36,7  10030 - VILLAREGGIA - TO | Prezzo: 0.669 € | Data: 26/09/2025 16:25:48"
7.755171395949391,44.930785766211784,Tamoil - Villastellone Via Santena 2 - Economy,Via Santena 2  10029 - VILLASTELLONE - TO | Prezzo: 0.688 € | Data: 25/09/2025 12:33:32
7.506658136844635,44.95483679333941,IP,STRADA PROVINCIALE 141 KM 5+310  10040 - VOLVERA - TO | Prezzo: 0.669 € | Data: 29/09/2025 08:20:10
8.297390063476557,46.123342340966566,Enercoop Domodossola,Via Piave 114  28845 - DOMODOSSOLA - VB | Prezzo: 0.669 € | Data: 28/09/2025 18:46:26
8.4290422,45.9413297,IP gruppo api  GBG di Antonio Fava,S.S. 33 SEMPIONE KM 94 28802 - MERGOZZO - VB | Prezzo: 0.788 € | Data: 29/09/2025 08:10:40
8.48677285015583,45.94128834492784,Calabrese Giovanna ,"Statale 33 del Sempione, Km. 5+200, dir. Verbania  - 28924 - VERBANIA - VB | Prezzo: 0.809 € | Data: 29/09/2025 06:53:45"
8.276802227950839,46.06474933353263,A3GRILL Srl - SOMMESE PETROLI,"33 del Sempione, Km. 117+490, Sempione - 28844 - VILLADOSSOLA - VB | Prezzo: 0.769 € | Data: 23/09/2025 08:01:00"
8.27945997672459,46.08430288282969,DISTRIBUTORE GPL,VIA PRACASTELLI 8 28844 - VILLADOSSOLA - VB | Prezzo: 0.689 € | Data: 24/09/2025 10:46:41
8.078777,45.374014,BIDA RRAPI DISTRIBUTORE Q8,"VIA CAVAGLIA'  - S.S.593 KM 3+880 - 28 13040, ALICE CASTELLO (VC) 22 13040 - ALICE CASTELLO - VC | Prezzo: 0.679 € | Data: 24/09/2025 11:57:17"
8.454266272109635,45.347667856065954,P v 2533,"11 Padana Superiore, Km. 78+250, Vercelli - 13012 - BORGO VERCELLI - VC | Prezzo: 0.619 € | Data: 28/09/2025 18:16:06"
8.228324577212334,45.451531427869995,CENTRO CALOR OLICARB CARISIO,"Statale 230 di Massazza, Km. 17+900, dir. Biella  13040 - CARISIO - VC | Prezzo: 0.729 € | Data: 26/09/2025 16:19:45"
8.001668739464094,45.29382447016627,CPP - CIGLIANO,STRADA REGIONALE 11KM38-655 SN 13043 - CIGLIANO - VC | Prezzo: 0.679 € | Data: 29/09/2025 07:08:16
8.069008220953929,45.19351887810482,I P,PROV 31 BIS KM 12 SNC 13044 - CRESCENTINO - VC | Prezzo: 0.719 € | Data: 22/09/2025 18:22:34
8.075787580009433,45.27445311554681,CONAD SUPERMERCATO LIVORNO FERRARIS,VIA SALUGGIA 54 13046 - LIVORNO FERRARIS - VC | Prezzo: 0.669 € | Data: 27/09/2025 18:06:07
8.055682182312012,45.2906787309769,DISCAR LIVORNO FERRARIS,"VIA VIA STRADA PROVINCIALE KM 2+546 123 13046, LIVORNO FERRARIS (VC) 123 13046 - LIVORNO FERRARIS - VC | Prezzo: 0.669 € | Data: 29/09/2025 07:34:14"
8.031240552663803,45.32130490443171,ENI di Interliggi Gabriella,"Statale 593 di Borgo d'Ale, Km. 12+706, dir. borgo d'ale - 13040 - MONCRIVELLO - VC | Prezzo: 0.679 € | Data: 29/09/2025 07:38:08"
8.472145644180273,45.28698464502032,SESIA EST,"A26 (GE) VOLTRI-GRAVELLONA T., Km. 108+200, nord - 13012 - PRAROLO - VC | Prezzo: 0.799 € | Data: 26/09/2025 14:00:17"
8.470694348216057,45.28549029234382,SESIA OVEST,"Autostrada A26 (GE) VOLTRI-GRAVELLONA T., Km. 108+200, dir. SUD - 13012 - PRAROLO - VC | Prezzo: 0.799 € | Data: 26/09/2025 11:59:42"
8.133682832121849,45.386982838654,agip,143 KM. 9+595 SNC 13048 - SANTHIÀ - VC | Prezzo: 0.679 € | Data: 26/09/2025 16:50:46
8.1469063,45.3786174,EUROPAM SPA - SANTHIA',CORSO XXV APRILE 43 13048 - SANTHIÀ - VC | Prezzo: 0.667 € | Data: 25/09/2025 19:34:34
8.150774918836055,45.37415027963355,NI008556 - Santhià,Corso Aosta 1 loc. Piagera  13048 - SANTHIÀ - VC | Prezzo: 0.678 € | Data: 29/09/2025 00:08:55
8.299306752149572,45.69235506322406,6985,XXV APRILE 8 13037 - SERRAVALLE SESIA - VC | Prezzo: 0.689 € | Data: 29/09/2025 07:34:26
8.447856211415,45.25239073387933,LE RISAIE OVEST,"A26 (GE) VOLTRI-GRAVELLONA Collegamento con Santhia, Km. 1+700, sud - 13010 - STROPPIANA - VC | Prezzo: 0.799 € | Data: 26/09/2025 13:00:07"
8.245779,45.816353,116 VARALLO,VIA M. T. ROSSI  17/3   - VARALLO - VC | Prezzo: 0.704 € | Data: 29/09/2025 07:48:10
8.392733931541443,45.29512348391858,Enercoop Vercelli,VIA NELSON MANDELA 6a 13100 - VERCELLI - VC | Prezzo: 0.639 € | Data: 28/09/2025 18:46:28
8.392957,45.338979,Getoil Vercelli,S.S.230 KM 37+730 DI MASSAZZA 37+730 13100 - VERCELLI - VC | Prezzo: 0.636 € | Data: 26/09/2025 08:37:40
8.390297144651413,45.321154028854515,Tamoil,STRADA STATALE 11/31 KM. 0+550 SN 13100 - VERCELLI - VC | Prezzo: 0.629 € | Data: 29/09/2025 07:14:28
8.391966908598306,45.3002863335823,Vercelli Sp455,SP455 Pontestura via Trino  13100 - VERCELLI - VC | Prezzo: 0.639 € | Data: 28/09/2025 09:04:06
8.345960974693298,45.45719082767641,VILLARBOIT NORD,"A4 TORINO-MILANO, Km. 64.2, Ovest - 13030 - VILLARBOIT - VC | Prezzo: 0.899 € | Data: 26/09/2025 16:23:06"
8.347522020339966,45.45573459443261,VILLARBOIT SUD,"A4 TORINO-MILANO, Km. 64+200, milano - 13100 - VILLARBOIT - VC | Prezzo: 0.819 € | Data: 28/09/2025 09:04:33"
